fest_id,campaign_id,source,ip,city,country,countryCode,isp,lat,lon,org,query,region,regionName,status,timezone,zip,timestamp
0Zrk29JSlVqjkHeai0Hk,a54aaf0d-8b4e-41a1-8a8e-0ff3f7cca2e2,whatsapp,115.249.106.164,Vellore,India,IN,Reliance Communications,12.9333,79.1333,Reliance Communications,115.249.106.164,TN,Tamil Nadu,success,Asia/Kolkata,632014,2018-09-12 10:16:17
4X6wBWASnaFBtGj9LQoS,80692e9c-2c39-4c7e-97d4-a2060333ff17,Facebook,106.203.21.154,Chennai,India,IN,Bharti Airtel,13.0833,80.2833,Bharti Airtel,106.203.21.154,TN,Tamil Nadu,success,Asia/Kolkata,600001,2018-09-12 10:34:36
UItdaK1sPQXSOA7BwjC0,1cc44a4d-40c4-4b53-abce-0ff105405905,Email,115.249.106.164,Vellore,India,IN,Reliance Communications,12.9333,79.1333,Reliance Communications,115.249.106.164,TN,Tamil Nadu,success,Asia/Kolkata,632014,2018-09-12 23:19:43
UItdaK1sPQXSOA7BwjC0,1cc44a4d-40c4-4b53-abce-0ff105405905,Email,115.249.106.164,Vellore,India,IN,Reliance Communications,12.9333,79.1333,Reliance Communications,115.249.106.164,TN,Tamil Nadu,success,Asia/Kolkata,632014,2018-09-12 23:19:55
UItdaK1sPQXSOA7BwjC0,1cc44a4d-40c4-4b53-abce-0ff105405905,Email,157.51.135.128,Chennai,India,IN,Jio,13.0833,80.2833,Jio,157.51.135.128,TN,Tamil Nadu,success,Asia/Kolkata,600001,2018-09-12 23:24:34
UItdaK1sPQXSOA7BwjC0,1cc44a4d-40c4-4b53-abce-0ff105405905,Email,157.50.32.100,Chennai,India,IN,Jio,13.0833,80.2833,Jio,157.50.32.100,TN,Tamil Nadu,success,Asia/Kolkata,600003,2018-09-12 23:48:22
UItdaK1sPQXSOA7BwjC0,1cc44a4d-40c4-4b53-abce-0ff105405905,Email,27.62.1.30,Chennai,India,IN,Bharti Airtel,13.0833,80.2833,Bharti Airtel,27.62.1.30,TN,Tamil Nadu,success,Asia/Kolkata,600003,2018-09-13 00:22:21
UItdaK1sPQXSOA7BwjC0,1cc44a4d-40c4-4b53-abce-0ff105405905,Email,112.79.134.170,Lucknow,India,IN,Vodafone India,26.85,80.9167,Vodafone India,112.79.134.170,UP,Uttar Pradesh,success,Asia/Kolkata,226004,2018-09-13 00:37:04
UItdaK1sPQXSOA7BwjC0,1cc44a4d-40c4-4b53-abce-0ff105405905,Email,157.51.90.182,Chennai,India,IN,Jio,13.0833,80.2833,Jio,157.51.90.182,TN,Tamil Nadu,success,Asia/Kolkata,600001,2018-09-13 00:56:15
UItdaK1sPQXSOA7BwjC0,1cc44a4d-40c4-4b53-abce-0ff105405905,Email,40.107.208.59,San Antonio,United States,US,Microsoft Corporation,29.4241,-98.4936,Microsoft Azure,40.107.208.59,TX,Texas,success,America/Chicago,78288,2018-09-13 00:56:45
UItdaK1sPQXSOA7BwjC0,1cc44a4d-40c4-4b53-abce-0ff105405905,Email,49.15.129.127,Kollam,India,IN,Idea Cellular,8.8806,76.5917,Idea Cellular,49.15.129.127,KL,Kerala,success,Asia/Kolkata,691001,2018-09-13 00:56:53
UItdaK1sPQXSOA7BwjC0,1cc44a4d-40c4-4b53-abce-0ff105405905,Email,157.46.115.103,Marathi,India,IN,Jio,19.1299,73.0147,Jio,157.46.115.103,,Maharashtra,success,Asia/Kolkata,,2018-09-13 01:08:30
UItdaK1sPQXSOA7BwjC0,1cc44a4d-40c4-4b53-abce-0ff105405905,Email,157.46.115.103,Marathi,India,IN,Jio,19.1299,73.0147,Jio,157.46.115.103,,Maharashtra,success,Asia/Kolkata,,2018-09-13 01:09:21
UItdaK1sPQXSOA7BwjC0,1cc44a4d-40c4-4b53-abce-0ff105405905,Email,157.46.115.103,Marathi,India,IN,Jio,19.1299,73.0147,Jio,157.46.115.103,,Maharashtra,success,Asia/Kolkata,,2018-09-13 01:11:01
UItdaK1sPQXSOA7BwjC0,1cc44a4d-40c4-4b53-abce-0ff105405905,Email,223.228.117.100,Kachiguda,India,IN,Bharti Airtel,17.3896,78.4962,Bharti Airtel,223.228.117.100,TG,Telangana,success,Asia/Kolkata,500029,2018-09-13 01:16:44
UItdaK1sPQXSOA7BwjC0,1cc44a4d-40c4-4b53-abce-0ff105405905,Email,157.49.199.217,Bengaluru,India,IN,Jio,12.9833,77.5833,Jio,157.49.199.217,KA,Karnataka,success,Asia/Kolkata,560001,2018-09-13 01:45:53
UItdaK1sPQXSOA7BwjC0,1cc44a4d-40c4-4b53-abce-0ff105405905,Email,106.203.47.73,Panruti,India,IN,Bharti Airtel,11.7667,79.55,Bharti Airtel,106.203.47.73,TN,Tamil Nadu,success,Asia/Kolkata,607106,2018-09-13 01:54:44
UItdaK1sPQXSOA7BwjC0,1cc44a4d-40c4-4b53-abce-0ff105405905,Email,223.182.68.203,Vijayawada,India,IN,Bharti Airtel,16.5167,80.6167,Bharti Airtel,223.182.68.203,AP,Andhra Pradesh,success,Asia/Kolkata,520001,2018-09-13 02:10:26
UItdaK1sPQXSOA7BwjC0,1cc44a4d-40c4-4b53-abce-0ff105405905,Email,157.51.116.244,Tiruppur,India,IN,Jio,11.1,77.35,Jio,157.51.116.244,TN,Tamil Nadu,success,Asia/Kolkata,641601,2018-09-13 02:10:28
UItdaK1sPQXSOA7BwjC0,1cc44a4d-40c4-4b53-abce-0ff105405905,Email,157.46.93.2,Marathi,India,IN,Jio,19.1299,73.0147,Jio,157.46.93.2,,Maharashtra,success,Asia/Kolkata,,2018-09-13 02:14:55
UItdaK1sPQXSOA7BwjC0,1cc44a4d-40c4-4b53-abce-0ff105405905,Email,103.109.108.163,Vellore,India,IN,Rs Broadband Services Private Limited,12.9333,79.1333,Blue Lotus Support Services Pvt,103.109.108.163,TN,Tamil Nadu,success,Asia/Kolkata,632014,2018-09-13 02:19:40
UItdaK1sPQXSOA7BwjC0,1cc44a4d-40c4-4b53-abce-0ff105405905,Email,106.66.153.75,Chennai,India,IN,Idea Cellular,13.0833,80.2833,Idea Cellular,106.66.153.75,TN,Tamil Nadu,success,Asia/Kolkata,600003,2018-09-13 02:31:04
UItdaK1sPQXSOA7BwjC0,1cc44a4d-40c4-4b53-abce-0ff105405905,Email,106.208.0.234,Bengaluru (Whitefield),India,IN,Bharti Airtel,12.9698,77.7499,Bharti Airtel,106.208.0.234,,Karnataka,success,Asia/Kolkata,560066,2018-09-13 02:49:02
UItdaK1sPQXSOA7BwjC0,1cc44a4d-40c4-4b53-abce-0ff105405905,Email,106.208.35.249,Chennai,India,IN,Bharti Airtel,13.0833,80.2833,Bharti Airtel,106.208.35.249,TN,Tamil Nadu,success,Asia/Kolkata,600003,2018-09-13 03:01:28
UItdaK1sPQXSOA7BwjC0,1cc44a4d-40c4-4b53-abce-0ff105405905,Email,106.203.40.69,Vellore,India,IN,Bharti Airtel,12.9333,79.1333,Bharti Airtel,106.203.40.69,TN,Tamil Nadu,success,Asia/Kolkata,614620,2018-09-13 03:01:31
UItdaK1sPQXSOA7BwjC0,1cc44a4d-40c4-4b53-abce-0ff105405905,Email,106.208.88.247,Chennai,India,IN,Bharti Airtel,13.0833,80.2833,Bharti Airtel,106.208.88.247,TN,Tamil Nadu,success,Asia/Kolkata,600001,2018-09-13 03:06:29
UItdaK1sPQXSOA7BwjC0,1cc44a4d-40c4-4b53-abce-0ff105405905,Email,106.208.88.247,Chennai,India,IN,Bharti Airtel,13.0833,80.2833,Bharti Airtel,106.208.88.247,TN,Tamil Nadu,success,Asia/Kolkata,600001,2018-09-13 03:09:56
UItdaK1sPQXSOA7BwjC0,1cc44a4d-40c4-4b53-abce-0ff105405905,Email,157.51.239.149,Chennai,India,IN,Jio,13.0833,80.2833,Jio,157.51.239.149,TN,Tamil Nadu,success,Asia/Kolkata,600003,2018-09-13 03:17:04
UItdaK1sPQXSOA7BwjC0,1cc44a4d-40c4-4b53-abce-0ff105405905,Email,42.107.145.214,Mumbai,India,IN,Vodafone India,18.975,72.8258,Vodafone India,42.107.145.214,MH,Maharashtra,success,Asia/Kolkata,400011,2018-09-13 03:35:18
UItdaK1sPQXSOA7BwjC0,1cc44a4d-40c4-4b53-abce-0ff105405905,Email,157.50.82.115,Chennai,India,IN,Jio,13.0833,80.2833,Jio,157.50.82.115,TN,Tamil Nadu,success,Asia/Kolkata,600001,2018-09-13 03:37:52
UItdaK1sPQXSOA7BwjC0,1cc44a4d-40c4-4b53-abce-0ff105405905,Email,157.50.82.115,Chennai,India,IN,Jio,13.0833,80.2833,Jio,157.50.82.115,TN,Tamil Nadu,success,Asia/Kolkata,600001,2018-09-13 03:40:10
UItdaK1sPQXSOA7BwjC0,1cc44a4d-40c4-4b53-abce-0ff105405905,Email,157.46.96.138,Marathi,India,IN,Jio,19.1299,73.0147,Jio,157.46.96.138,,Maharashtra,success,Asia/Kolkata,,2018-09-13 03:50:22
UItdaK1sPQXSOA7BwjC0,1cc44a4d-40c4-4b53-abce-0ff105405905,Email,157.51.100.158,Chennai,India,IN,Jio,13.0833,80.2833,Jio,157.51.100.158,TN,Tamil Nadu,success,Asia/Kolkata,600003,2018-09-13 04:01:45
UItdaK1sPQXSOA7BwjC0,1cc44a4d-40c4-4b53-abce-0ff105405905,Email,103.109.108.163,Vellore,India,IN,Rs Broadband Services Private Limited,12.9333,79.1333,Blue Lotus Support Services Pvt,103.109.108.163,TN,Tamil Nadu,success,Asia/Kolkata,632014,2018-09-13 04:02:01
UItdaK1sPQXSOA7BwjC0,1cc44a4d-40c4-4b53-abce-0ff105405905,Email,117.228.96.53,Gandhinagar,India,IN,BSNL,23.2167,72.6833,BSNL,117.228.96.53,GJ,Gujarat,success,Asia/Kolkata,382016,2018-09-13 04:08:10
UItdaK1sPQXSOA7BwjC0,1cc44a4d-40c4-4b53-abce-0ff105405905,Email,42.109.129.6,Bengaluru,India,IN,Vodafone India,12.9833,77.5833,Vodafone India,42.109.129.6,KA,Karnataka,success,Asia/Kolkata,560076,2018-09-13 04:09:01
UItdaK1sPQXSOA7BwjC0,1cc44a4d-40c4-4b53-abce-0ff105405905,Email,157.51.91.152,Salem,India,IN,Jio,11.65,78.1667,Jio,157.51.91.152,TN,Tamil Nadu,success,Asia/Kolkata,636001,2018-09-13 04:10:00
UItdaK1sPQXSOA7BwjC0,1cc44a4d-40c4-4b53-abce-0ff105405905,Email,106.203.53.42,Vellore,India,IN,Bharti Airtel,12.9333,79.1333,Bharti Airtel,106.203.53.42,TN,Tamil Nadu,success,Asia/Kolkata,614620,2018-09-13 04:12:10
UItdaK1sPQXSOA7BwjC0,1cc44a4d-40c4-4b53-abce-0ff105405905,Email,106.208.124.199,Kozhikode,India,IN,Bharti Airtel,11.25,75.7667,Bharti Airtel,106.208.124.199,KL,Kerala,success,Asia/Kolkata,673001,2018-09-13 04:21:24
UItdaK1sPQXSOA7BwjC0,1cc44a4d-40c4-4b53-abce-0ff105405905,Email,103.109.108.163,Vellore,India,IN,Rs Broadband Services Private Limited,12.9333,79.1333,Blue Lotus Support Services Pvt,103.109.108.163,TN,Tamil Nadu,success,Asia/Kolkata,632014,2018-09-13 04:34:36
UItdaK1sPQXSOA7BwjC0,1cc44a4d-40c4-4b53-abce-0ff105405905,Email,103.109.108.164,Vellore,India,IN,Rs Broadband Services Private Limited,12.9333,79.1333,Blue Lotus Support Services Pvt,103.109.108.164,TN,Tamil Nadu,success,Asia/Kolkata,632014,2018-09-13 04:39:03
UItdaK1sPQXSOA7BwjC0,1cc44a4d-40c4-4b53-abce-0ff105405905,Email,106.208.48.20,Chennai,India,IN,Bharti Airtel,13.0833,80.2833,Bharti Airtel,106.208.48.20,TN,Tamil Nadu,success,Asia/Kolkata,600003,2018-09-13 04:40:54
UItdaK1sPQXSOA7BwjC0,1cc44a4d-40c4-4b53-abce-0ff105405905,Email,103.109.108.163,Vellore,India,IN,Rs Broadband Services Private Limited,12.9333,79.1333,Blue Lotus Support Services Pvt,103.109.108.163,TN,Tamil Nadu,success,Asia/Kolkata,632014,2018-09-13 04:46:54
UItdaK1sPQXSOA7BwjC0,1cc44a4d-40c4-4b53-abce-0ff105405905,Email,106.203.24.45,Tiruchi,India,IN,Bharti Airtel,10.805,78.6856,Bharti Airtel,106.203.24.45,TN,Tamil Nadu,success,Asia/Kolkata,620001,2018-09-13 04:49:36
UItdaK1sPQXSOA7BwjC0,1cc44a4d-40c4-4b53-abce-0ff105405905,Email,106.208.143.63,Chennai,India,IN,Bharti Airtel,13.0833,80.2833,Bharti Airtel,106.208.143.63,TN,Tamil Nadu,success,Asia/Kolkata,600003,2018-09-13 04:50:01
UItdaK1sPQXSOA7BwjC0,1cc44a4d-40c4-4b53-abce-0ff105405905,Email,49.206.121.132,Chennai,India,IN,ACT Fibernet,13.0833,80.2833,Atria Convergence Technologies Pvt. Ltd. Broadband,49.206.121.132,TN,Tamil Nadu,success,Asia/Kolkata,600003,2018-09-13 04:55:02
UItdaK1sPQXSOA7BwjC0,1cc44a4d-40c4-4b53-abce-0ff105405905,Email,223.238.104.48,Nellore,India,IN,Airtel,14.4333,79.9667,Airtel,223.238.104.48,AP,Andhra Pradesh,success,Asia/Kolkata,524001,2018-09-13 05:02:18
UItdaK1sPQXSOA7BwjC0,1cc44a4d-40c4-4b53-abce-0ff105405905,Email,2.50.236.126,Abu Dhabi,United Arab Emirates,AE,Emirates Telecommunications Corporation,24.4667,54.3667,Emirates Telecommunications Corporation,2.50.236.126,AZ,Abu Dhabi,success,Asia/Dubai,,2018-09-13 05:09:31
UItdaK1sPQXSOA7BwjC0,1cc44a4d-40c4-4b53-abce-0ff105405905,Email,103.109.108.163,Vellore,India,IN,Rs Broadband Services Private Limited,12.9333,79.1333,Blue Lotus Support Services Pvt,103.109.108.163,TN,Tamil Nadu,success,Asia/Kolkata,632014,2018-09-13 05:10:34
UItdaK1sPQXSOA7BwjC0,1cc44a4d-40c4-4b53-abce-0ff105405905,Email,103.109.108.163,Vellore,India,IN,Rs Broadband Services Private Limited,12.9333,79.1333,Blue Lotus Support Services Pvt,103.109.108.163,TN,Tamil Nadu,success,Asia/Kolkata,632014,2018-09-13 05:15:35
UItdaK1sPQXSOA7BwjC0,1cc44a4d-40c4-4b53-abce-0ff105405905,Email,157.46.67.24,Marathi,India,IN,Jio,19.1299,73.0147,Jio,157.46.67.24,,Maharashtra,success,Asia/Kolkata,,2018-09-13 05:18:14
UItdaK1sPQXSOA7BwjC0,1cc44a4d-40c4-4b53-abce-0ff105405905,Email,42.107.133.89,Mumbai,India,IN,Vodafone India,18.975,72.8258,Vodafone India,42.107.133.89,MH,Maharashtra,success,Asia/Kolkata,400002,2018-09-13 05:53:52
UItdaK1sPQXSOA7BwjC0,1cc44a4d-40c4-4b53-abce-0ff105405905,Email,183.82.38.72,Chennai,India,IN,ACT Fibernet,13.0833,80.2833,Atria Convergence Technologies Pvt. Ltd. Broadband,183.82.38.72,TN,Tamil Nadu,success,Asia/Kolkata,600003,2018-09-13 06:05:20
UItdaK1sPQXSOA7BwjC0,1cc44a4d-40c4-4b53-abce-0ff105405905,Email,157.46.54.148,Marathi,India,IN,Jio,19.1299,73.0147,Jio,157.46.54.148,,Maharashtra,success,Asia/Kolkata,,2018-09-13 06:12:48
UItdaK1sPQXSOA7BwjC0,1cc44a4d-40c4-4b53-abce-0ff105405905,Email,157.46.56.68,Marathi,India,IN,Jio,19.1299,73.0147,Jio,157.46.56.68,,Maharashtra,success,Asia/Kolkata,,2018-09-13 06:16:43
UItdaK1sPQXSOA7BwjC0,1cc44a4d-40c4-4b53-abce-0ff105405905,Email,223.189.130.42,New Delhi,India,IN,Airtel,28.6,77.2,Airtel,223.189.130.42,DL,National Capital Territory of Delhi,success,Asia/Kolkata,110008,2018-09-13 06:21:53
UItdaK1sPQXSOA7BwjC0,1cc44a4d-40c4-4b53-abce-0ff105405905,Email,157.46.2.66,Marathi,India,IN,Jio,19.1299,73.0147,Jio,157.46.2.66,,Maharashtra,success,Asia/Kolkata,,2018-09-13 06:26:25
UItdaK1sPQXSOA7BwjC0,1cc44a4d-40c4-4b53-abce-0ff105405905,Email,157.46.2.66,Marathi,India,IN,Jio,19.1299,73.0147,Jio,157.46.2.66,,Maharashtra,success,Asia/Kolkata,,2018-09-13 06:26:50
UItdaK1sPQXSOA7BwjC0,1cc44a4d-40c4-4b53-abce-0ff105405905,Email,157.50.4.147,Chennai,India,IN,Jio,13.0833,80.2833,Jio,157.50.4.147,TN,Tamil Nadu,success,Asia/Kolkata,600001,2018-09-13 06:30:59
UItdaK1sPQXSOA7BwjC0,1cc44a4d-40c4-4b53-abce-0ff105405905,Email,157.51.71.218,Coimbatore,India,IN,Jio,10.9925,76.9614,Jio,157.51.71.218,TN,Tamil Nadu,success,Asia/Kolkata,641001,2018-09-13 06:32:30
UItdaK1sPQXSOA7BwjC0,1cc44a4d-40c4-4b53-abce-0ff105405905,Email,106.208.43.89,Chennai,India,IN,Bharti Airtel,13.0833,80.2833,Bharti Airtel,106.208.43.89,TN,Tamil Nadu,success,Asia/Kolkata,600003,2018-09-13 06:47:51
UItdaK1sPQXSOA7BwjC0,1cc44a4d-40c4-4b53-abce-0ff105405905,Email,103.109.108.163,Vellore,India,IN,Rs Broadband Services Private Limited,12.9333,79.1333,Blue Lotus Support Services Pvt,103.109.108.163,TN,Tamil Nadu,success,Asia/Kolkata,632014,2018-09-13 06:48:39
UItdaK1sPQXSOA7BwjC0,1cc44a4d-40c4-4b53-abce-0ff105405905,Email,115.248.50.22,Vellore,India,IN,Reliance Communications,12.9333,79.1333,Reliance Communications,115.248.50.22,TN,Tamil Nadu,success,Asia/Kolkata,632014,2018-09-13 06:50:55
UItdaK1sPQXSOA7BwjC0,1cc44a4d-40c4-4b53-abce-0ff105405905,Email,106.208.105.240,Palakkad,India,IN,Bharti Airtel,10.7725,76.6514,Bharti Airtel,106.208.105.240,KL,Kerala,success,Asia/Kolkata,678001,2018-09-13 07:05:16
UItdaK1sPQXSOA7BwjC0,1cc44a4d-40c4-4b53-abce-0ff105405905,Email,106.203.41.255,Puducherry,India,IN,Bharti Airtel,11.93,79.83,Bharti Airtel,106.203.41.255,PY,Union Territory of Puducherry,success,Asia/Kolkata,605001,2018-09-13 07:09:24
UItdaK1sPQXSOA7BwjC0,1cc44a4d-40c4-4b53-abce-0ff105405905,Email,106.203.58.87,Puducherry,India,IN,Bharti Airtel,11.93,79.83,Bharti Airtel,106.203.58.87,PY,Union Territory of Puducherry,success,Asia/Kolkata,605001,2018-09-13 07:14:09
UItdaK1sPQXSOA7BwjC0,1cc44a4d-40c4-4b53-abce-0ff105405905,Email,106.203.41.255,Puducherry,India,IN,Bharti Airtel,11.93,79.83,Bharti Airtel,106.203.41.255,PY,Union Territory of Puducherry,success,Asia/Kolkata,605001,2018-09-13 07:16:01
UItdaK1sPQXSOA7BwjC0,1cc44a4d-40c4-4b53-abce-0ff105405905,Email,106.203.41.255,Puducherry,India,IN,Bharti Airtel,11.93,79.83,Bharti Airtel,106.203.41.255,PY,Union Territory of Puducherry,success,Asia/Kolkata,605001,2018-09-13 07:21:45
UItdaK1sPQXSOA7BwjC0,1cc44a4d-40c4-4b53-abce-0ff105405905,Email,122.15.164.134,Vellore,India,IN,Vodafone Mobile Services,12.9333,79.1333,Vodafone India,122.15.164.134,TN,Tamil Nadu,success,Asia/Kolkata,632014,2018-09-13 07:23:18
UItdaK1sPQXSOA7BwjC0,1cc44a4d-40c4-4b53-abce-0ff105405905,Email,103.109.108.164,Vellore,India,IN,Rs Broadband Services Private Limited,12.9333,79.1333,Blue Lotus Support Services Pvt,103.109.108.164,TN,Tamil Nadu,success,Asia/Kolkata,632014,2018-09-13 07:25:16
UItdaK1sPQXSOA7BwjC0,1cc44a4d-40c4-4b53-abce-0ff105405905,Email,2.50.236.126,Abu Dhabi,United Arab Emirates,AE,Emirates Telecommunications Corporation,24.4667,54.3667,Emirates Telecommunications Corporation,2.50.236.126,AZ,Abu Dhabi,success,Asia/Dubai,,2018-09-13 07:33:57
UItdaK1sPQXSOA7BwjC0,1cc44a4d-40c4-4b53-abce-0ff105405905,Email,223.238.8.35,Visakhapatnam,India,IN,Airtel,17.7,83.3,Airtel,223.238.8.35,AP,Andhra Pradesh,success,Asia/Kolkata,530016,2018-09-13 07:35:30
UItdaK1sPQXSOA7BwjC0,1cc44a4d-40c4-4b53-abce-0ff105405905,Email,157.50.28.190,Coimbatore,India,IN,Jio,10.9925,76.9614,Jio,157.50.28.190,TN,Tamil Nadu,success,Asia/Kolkata,641001,2018-09-13 07:36:13
UItdaK1sPQXSOA7BwjC0,1cc44a4d-40c4-4b53-abce-0ff105405905,Email,157.50.28.190,Coimbatore,India,IN,Jio,10.9925,76.9614,Jio,157.50.28.190,TN,Tamil Nadu,success,Asia/Kolkata,641001,2018-09-13 07:38:30
UItdaK1sPQXSOA7BwjC0,1cc44a4d-40c4-4b53-abce-0ff105405905,Email,122.174.97.31,Chennai,India,IN,Airtel Broadband,13.0833,80.2833,Airtel Broadband,122.174.97.31,TN,Tamil Nadu,success,Asia/Kolkata,600003,2018-09-13 07:46:06
UItdaK1sPQXSOA7BwjC0,1cc44a4d-40c4-4b53-abce-0ff105405905,Email,157.51.189.74,Chennai,India,IN,Jio,13.0833,80.2833,Jio,157.51.189.74,TN,Tamil Nadu,success,Asia/Kolkata,600003,2018-09-13 07:59:04
UItdaK1sPQXSOA7BwjC0,1cc44a4d-40c4-4b53-abce-0ff105405905,Email,122.176.208.238,New Delhi,India,IN,Airtel Broadband,28.6,77.2,Airtel Broadband,122.176.208.238,DL,National Capital Territory of Delhi,success,Asia/Kolkata,110011,2018-09-13 08:10:48
UItdaK1sPQXSOA7BwjC0,1cc44a4d-40c4-4b53-abce-0ff105405905,Email,223.238.8.35,Visakhapatnam,India,IN,Airtel,17.7,83.3,Airtel,223.238.8.35,AP,Andhra Pradesh,success,Asia/Kolkata,530016,2018-09-13 08:10:53
UItdaK1sPQXSOA7BwjC0,1cc44a4d-40c4-4b53-abce-0ff105405905,Email,157.49.197.114,Bengaluru,India,IN,Jio,12.9833,77.5833,Jio,157.49.197.114,KA,Karnataka,success,Asia/Kolkata,560001,2018-09-13 08:27:34
UItdaK1sPQXSOA7BwjC0,1cc44a4d-40c4-4b53-abce-0ff105405905,Email,103.109.108.164,Vellore,India,IN,Rs Broadband Services Private Limited,12.9333,79.1333,Blue Lotus Support Services Pvt,103.109.108.164,TN,Tamil Nadu,success,Asia/Kolkata,632014,2018-09-13 08:58:11
UItdaK1sPQXSOA7BwjC0,1cc44a4d-40c4-4b53-abce-0ff105405905,Email,157.48.36.195,Visakhapatnam,India,IN,Jio,17.7,83.3,Jio,157.48.36.195,AP,Andhra Pradesh,success,Asia/Kolkata,530002,2018-09-13 09:01:33
UItdaK1sPQXSOA7BwjC0,1cc44a4d-40c4-4b53-abce-0ff105405905,Email,115.248.50.22,Vellore,India,IN,Reliance Communications,12.9333,79.1333,Reliance Communications,115.248.50.22,TN,Tamil Nadu,success,Asia/Kolkata,632014,2018-09-13 09:02:09
UItdaK1sPQXSOA7BwjC0,1cc44a4d-40c4-4b53-abce-0ff105405905,Email,115.248.50.22,Vellore,India,IN,Reliance Communications,12.9333,79.1333,Reliance Communications,115.248.50.22,TN,Tamil Nadu,success,Asia/Kolkata,632014,2018-09-13 09:03:13
UItdaK1sPQXSOA7BwjC0,1cc44a4d-40c4-4b53-abce-0ff105405905,Email,115.248.50.22,Vellore,India,IN,Reliance Communications,12.9333,79.1333,Reliance Communications,115.248.50.22,TN,Tamil Nadu,success,Asia/Kolkata,632014,2018-09-13 09:25:35
UItdaK1sPQXSOA7BwjC0,1cc44a4d-40c4-4b53-abce-0ff105405905,Email,118.185.184.34,Chennai,India,IN,Vodafone Mobile Services,13.0833,80.2833,Vodafone India,118.185.184.34,TN,Tamil Nadu,success,Asia/Kolkata,600062,2018-09-13 10:16:25
UItdaK1sPQXSOA7BwjC0,1cc44a4d-40c4-4b53-abce-0ff105405905,Email,106.208.114.78,Chennai,India,IN,Bharti Airtel,13.0833,80.2833,Bharti Airtel,106.208.114.78,TN,Tamil Nadu,success,Asia/Kolkata,600003,2018-09-13 11:08:08
UItdaK1sPQXSOA7BwjC0,1cc44a4d-40c4-4b53-abce-0ff105405905,Email,223.187.132.251,Patna,India,IN,Bharti Airtel,25.6,85.1167,Bharti Airtel,223.187.132.251,BR,Bihar,success,Asia/Kolkata,800001,2018-09-13 11:10:58
UItdaK1sPQXSOA7BwjC0,1cc44a4d-40c4-4b53-abce-0ff105405905,Email,223.187.132.251,Patna,India,IN,Bharti Airtel,25.6,85.1167,Bharti Airtel,223.187.132.251,BR,Bihar,success,Asia/Kolkata,800001,2018-09-13 11:10:58
UItdaK1sPQXSOA7BwjC0,1cc44a4d-40c4-4b53-abce-0ff105405905,Email,223.187.132.251,Patna,India,IN,Bharti Airtel,25.6,85.1167,Bharti Airtel,223.187.132.251,BR,Bihar,success,Asia/Kolkata,800001,2018-09-13 11:10:58
UItdaK1sPQXSOA7BwjC0,1cc44a4d-40c4-4b53-abce-0ff105405905,Email,223.187.132.251,Patna,India,IN,Bharti Airtel,25.6,85.1167,Bharti Airtel,223.187.132.251,BR,Bihar,success,Asia/Kolkata,800001,2018-09-13 11:10:58
UItdaK1sPQXSOA7BwjC0,1cc44a4d-40c4-4b53-abce-0ff105405905,Email,157.51.250.60,Chennai,India,IN,Jio,13.0833,80.2833,Jio,157.51.250.60,TN,Tamil Nadu,success,Asia/Kolkata,600001,2018-09-13 11:17:11
UItdaK1sPQXSOA7BwjC0,1cc44a4d-40c4-4b53-abce-0ff105405905,Email,106.208.114.78,Chennai,India,IN,Bharti Airtel,13.0833,80.2833,Bharti Airtel,106.208.114.78,TN,Tamil Nadu,success,Asia/Kolkata,600003,2018-09-13 11:33:20
UItdaK1sPQXSOA7BwjC0,1cc44a4d-40c4-4b53-abce-0ff105405905,Email,157.39.240.113,Mohali,India,IN,Jio,30.78,76.69,Jio,157.39.240.113,PB,Punjab,success,Asia/Kolkata,140301,2018-09-13 11:56:24
UItdaK1sPQXSOA7BwjC0,1cc44a4d-40c4-4b53-abce-0ff105405905,Email,157.50.57.51,Chennai,India,IN,Jio,13.0833,80.2833,Jio,157.50.57.51,TN,Tamil Nadu,success,Asia/Kolkata,600001,2018-09-13 11:56:53
UItdaK1sPQXSOA7BwjC0,1cc44a4d-40c4-4b53-abce-0ff105405905,Email,106.66.51.145,Jalalpur,India,IN,Idea Cellular,20.9667,72.9,Idea Cellular,106.66.51.145,GJ,Gujarat,success,Asia/Kolkata,396450,2018-09-13 12:03:52
UItdaK1sPQXSOA7BwjC0,1cc44a4d-40c4-4b53-abce-0ff105405905,Email,106.203.34.159,Puducherry,India,IN,Bharti Airtel,11.93,79.83,Bharti Airtel,106.203.34.159,PY,Union Territory of Puducherry,success,Asia/Kolkata,605001,2018-09-13 13:12:04
UItdaK1sPQXSOA7BwjC0,1cc44a4d-40c4-4b53-abce-0ff105405905,Email,42.111.128.85,Chennai,India,IN,Vodafone India,13.0833,80.2833,Vodafone India,42.111.128.85,TN,Tamil Nadu,success,Asia/Kolkata,600001,2018-09-13 13:53:29
UItdaK1sPQXSOA7BwjC0,1cc44a4d-40c4-4b53-abce-0ff105405905,Email,61.129.6.145,Beijing (Haidian Qu),China,CN,China Telecom,39.9949,116.316,China Telecom Shanghai,61.129.6.145,,Beijing,success,Asia/Shanghai,,2018-09-13 13:54:30
UItdaK1sPQXSOA7BwjC0,1cc44a4d-40c4-4b53-abce-0ff105405905,Email,42.111.128.85,Chennai,India,IN,Vodafone India,13.0833,80.2833,Vodafone India,42.111.128.85,TN,Tamil Nadu,success,Asia/Kolkata,600001,2018-09-13 13:54:58
UItdaK1sPQXSOA7BwjC0,1cc44a4d-40c4-4b53-abce-0ff105405905,Email,103.109.108.163,Vellore,India,IN,Rs Broadband Services Private Limited,12.9333,79.1333,Blue Lotus Support Services Pvt,103.109.108.163,TN,Tamil Nadu,success,Asia/Kolkata,632014,2018-09-13 14:01:12
UItdaK1sPQXSOA7BwjC0,1cc44a4d-40c4-4b53-abce-0ff105405905,Email,103.109.108.164,Vellore,India,IN,Rs Broadband Services Private Limited,12.9333,79.1333,Blue Lotus Support Services Pvt,103.109.108.164,TN,Tamil Nadu,success,Asia/Kolkata,632014,2018-09-13 14:09:08
UItdaK1sPQXSOA7BwjC0,1cc44a4d-40c4-4b53-abce-0ff105405905,Email,103.109.108.164,Vellore,India,IN,Rs Broadband Services Private Limited,12.9333,79.1333,Blue Lotus Support Services Pvt,103.109.108.164,TN,Tamil Nadu,success,Asia/Kolkata,632014,2018-09-13 14:15:25
UItdaK1sPQXSOA7BwjC0,1cc44a4d-40c4-4b53-abce-0ff105405905,Email,103.109.108.163,Vellore,India,IN,Rs Broadband Services Private Limited,12.9333,79.1333,Blue Lotus Support Services Pvt,103.109.108.163,TN,Tamil Nadu,success,Asia/Kolkata,632014,2018-09-13 14:21:21
UItdaK1sPQXSOA7BwjC0,1cc44a4d-40c4-4b53-abce-0ff105405905,Email,157.46.7.100,Marathi,India,IN,Jio,19.1299,73.0147,Jio,157.46.7.100,,Maharashtra,success,Asia/Kolkata,,2018-09-13 14:48:44
UItdaK1sPQXSOA7BwjC0,1cc44a4d-40c4-4b53-abce-0ff105405905,Email,118.185.217.194,Vellore,India,IN,Vodafone Mobile Services,12.9333,79.1333,Vodafone India,118.185.217.194,TN,Tamil Nadu,success,Asia/Kolkata,632014,2018-09-13 14:51:11
UItdaK1sPQXSOA7BwjC0,1cc44a4d-40c4-4b53-abce-0ff105405905,Email,122.15.164.134,Vellore,India,IN,Vodafone Mobile Services,12.9333,79.1333,Vodafone India,122.15.164.134,TN,Tamil Nadu,success,Asia/Kolkata,632014,2018-09-13 15:46:26
UItdaK1sPQXSOA7BwjC0,1cc44a4d-40c4-4b53-abce-0ff105405905,Email,106.79.186.117,Pune,India,IN,Idea Cellular,18.5333,73.8667,Idea Cellular,106.79.186.117,MH,Maharashtra,success,Asia/Kolkata,411001,2018-09-13 15:47:25
UItdaK1sPQXSOA7BwjC0,1cc44a4d-40c4-4b53-abce-0ff105405905,Email,157.50.232.19,Coimbatore,India,IN,Jio,10.9925,76.9614,Jio,157.50.232.19,TN,Tamil Nadu,success,Asia/Kolkata,641114,2018-09-13 16:26:39
UItdaK1sPQXSOA7BwjC0,1cc44a4d-40c4-4b53-abce-0ff105405905,Email,106.203.29.248,Chennai,India,IN,Bharti Airtel,13.0833,80.2833,Bharti Airtel,106.203.29.248,TN,Tamil Nadu,success,Asia/Kolkata,600001,2018-09-13 16:48:17
UItdaK1sPQXSOA7BwjC0,1cc44a4d-40c4-4b53-abce-0ff105405905,Email,157.51.180.54,Chennai,India,IN,Jio,13.0833,80.2833,Jio,157.51.180.54,TN,Tamil Nadu,success,Asia/Kolkata,600001,2018-09-13 17:11:23
UItdaK1sPQXSOA7BwjC0,1cc44a4d-40c4-4b53-abce-0ff105405905,Email,103.109.108.163,Vellore,India,IN,Rs Broadband Services Private Limited,12.9333,79.1333,Blue Lotus Support Services Pvt,103.109.108.163,TN,Tamil Nadu,success,Asia/Kolkata,632014,2018-09-13 17:40:57
UItdaK1sPQXSOA7BwjC0,1cc44a4d-40c4-4b53-abce-0ff105405905,Email,122.15.77.139,Vellore,India,IN,Vodafone Mobile Services,12.9333,79.1333,Vodafone India,122.15.77.139,TN,Tamil Nadu,success,Asia/Kolkata,632014,2018-09-13 17:45:49
UItdaK1sPQXSOA7BwjC0,1cc44a4d-40c4-4b53-abce-0ff105405905,Email,157.49.244.9,Bengaluru,India,IN,Jio,12.9833,77.5833,Jio,157.49.244.9,KA,Karnataka,success,Asia/Kolkata,560076,2018-09-13 18:20:10
UItdaK1sPQXSOA7BwjC0,1cc44a4d-40c4-4b53-abce-0ff105405905,Email,49.15.90.191,Kottayam,India,IN,Idea Cellular,9.5833,76.5167,Idea Cellular,49.15.90.191,KL,Kerala,success,Asia/Kolkata,686001,2018-09-13 18:27:00
UItdaK1sPQXSOA7BwjC0,1cc44a4d-40c4-4b53-abce-0ff105405905,Email,157.50.250.225,Erode,India,IN,Jio,11.35,77.7333,Jio,157.50.250.225,TN,Tamil Nadu,success,Asia/Kolkata,638001,2018-09-13 18:37:28
UItdaK1sPQXSOA7BwjC0,1cc44a4d-40c4-4b53-abce-0ff105405905,Email,106.208.90.12,Chennai,India,IN,Bharti Airtel,13.0833,80.2833,Bharti Airtel,106.208.90.12,TN,Tamil Nadu,success,Asia/Kolkata,600003,2018-09-13 19:22:50
UItdaK1sPQXSOA7BwjC0,1cc44a4d-40c4-4b53-abce-0ff105405905,Email,182.64.154.237,Gurgaon,India,IN,Airtel Broadband,28.4667,77.0333,Airtel Broadband,182.64.154.237,HR,Haryana,success,Asia/Kolkata,122002,2018-09-13 19:22:51
UItdaK1sPQXSOA7BwjC0,1cc44a4d-40c4-4b53-abce-0ff105405905,Email,106.208.39.82,Chennai,India,IN,Bharti Airtel,13.0833,80.2833,Bharti Airtel,106.208.39.82,TN,Tamil Nadu,success,Asia/Kolkata,600001,2018-09-13 19:39:55
UItdaK1sPQXSOA7BwjC0,1cc44a4d-40c4-4b53-abce-0ff105405905,Email,157.50.113.43,Chennai,India,IN,Jio,13.0833,80.2833,Jio,157.50.113.43,TN,Tamil Nadu,success,Asia/Kolkata,600001,2018-09-13 20:36:23
UItdaK1sPQXSOA7BwjC0,1cc44a4d-40c4-4b53-abce-0ff105405905,Email,157.50.86.156,Chennai,India,IN,Jio,13.0833,80.2833,Jio,157.50.86.156,TN,Tamil Nadu,success,Asia/Kolkata,600001,2018-09-14 02:30:37
UItdaK1sPQXSOA7BwjC0,1cc44a4d-40c4-4b53-abce-0ff105405905,Email,157.50.86.156,Chennai,India,IN,Jio,13.0833,80.2833,Jio,157.50.86.156,TN,Tamil Nadu,success,Asia/Kolkata,600001,2018-09-14 02:32:51
UItdaK1sPQXSOA7BwjC0,1cc44a4d-40c4-4b53-abce-0ff105405905,Email,157.48.56.150,Malakpet,India,IN,Jio,17.3775,78.5027,Jio,157.48.56.150,TG,Telangana,success,Asia/Kolkata,505301,2018-09-14 03:12:35
UItdaK1sPQXSOA7BwjC0,1cc44a4d-40c4-4b53-abce-0ff105405905,Email,157.51.143.145,Chennai,India,IN,Jio,13.0833,80.2833,Jio,157.51.143.145,TN,Tamil Nadu,success,Asia/Kolkata,600003,2018-09-14 04:49:46
UItdaK1sPQXSOA7BwjC0,1cc44a4d-40c4-4b53-abce-0ff105405905,Email,42.111.146.64,Chennai,India,IN,Vodafone India,13.0833,80.2833,Vodafone India,42.111.146.64,TN,Tamil Nadu,success,Asia/Kolkata,600003,2018-09-14 04:56:32
UItdaK1sPQXSOA7BwjC0,1cc44a4d-40c4-4b53-abce-0ff105405905,Email,103.109.108.163,Vellore,India,IN,Rs Broadband Services Private Limited,12.9333,79.1333,Blue Lotus Support Services Pvt,103.109.108.163,TN,Tamil Nadu,success,Asia/Kolkata,632014,2018-09-14 06:41:51
UItdaK1sPQXSOA7BwjC0,1cc44a4d-40c4-4b53-abce-0ff105405905,Email,103.109.108.163,Vellore,India,IN,Rs Broadband Services Private Limited,12.9333,79.1333,Blue Lotus Support Services Pvt,103.109.108.163,TN,Tamil Nadu,success,Asia/Kolkata,632014,2018-09-14 06:49:23
UItdaK1sPQXSOA7BwjC0,1cc44a4d-40c4-4b53-abce-0ff105405905,Email,103.109.108.163,Vellore,India,IN,Rs Broadband Services Private Limited,12.9333,79.1333,Blue Lotus Support Services Pvt,103.109.108.163,TN,Tamil Nadu,success,Asia/Kolkata,632014,2018-09-14 07:46:14
UItdaK1sPQXSOA7BwjC0,1cc44a4d-40c4-4b53-abce-0ff105405905,Email,157.48.71.137,Mehdipatnam,India,IN,Jio,17.3898,78.4449,Jio,157.48.71.137,TG,Telangana,success,Asia/Kolkata,500038,2018-09-14 10:06:30
UItdaK1sPQXSOA7BwjC0,1cc44a4d-40c4-4b53-abce-0ff105405905,Email,115.249.106.164,Vellore,India,IN,Reliance Communications,12.9333,79.1333,Reliance Communications,115.249.106.164,TN,Tamil Nadu,success,Asia/Kolkata,632014,2018-09-14 12:52:13
UItdaK1sPQXSOA7BwjC0,1cc44a4d-40c4-4b53-abce-0ff105405905,Email,157.50.25.230,Chennai,India,IN,Jio,13.0833,80.2833,Jio,157.50.25.230,TN,Tamil Nadu,success,Asia/Kolkata,600001,2018-09-14 14:20:37
UItdaK1sPQXSOA7BwjC0,1cc44a4d-40c4-4b53-abce-0ff105405905,Email,157.50.25.230,Chennai,India,IN,Jio,13.0833,80.2833,Jio,157.50.25.230,TN,Tamil Nadu,success,Asia/Kolkata,600001,2018-09-14 14:20:50
UItdaK1sPQXSOA7BwjC0,1cc44a4d-40c4-4b53-abce-0ff105405905,Email,157.46.27.11,Marathi,India,IN,Jio,19.1299,73.0147,Jio,157.46.27.11,,Maharashtra,success,Asia/Kolkata,,2018-09-14 14:39:30
UItdaK1sPQXSOA7BwjC0,1cc44a4d-40c4-4b53-abce-0ff105405905,Email,157.51.250.54,Chennai,India,IN,Jio,13.0833,80.2833,Jio,157.51.250.54,TN,Tamil Nadu,success,Asia/Kolkata,600001,2018-09-14 14:54:51
UItdaK1sPQXSOA7BwjC0,1cc44a4d-40c4-4b53-abce-0ff105405905,Email,119.82.107.155,Bengaluru,India,IN,Shyam Spectra Pvt,12.9833,77.5833,Shyam Spectra Pvt,119.82.107.155,KA,Karnataka,success,Asia/Kolkata,560100,2018-09-14 15:03:26
UItdaK1sPQXSOA7BwjC0,1cc44a4d-40c4-4b53-abce-0ff105405905,Email,119.82.107.155,Bengaluru,India,IN,Shyam Spectra Pvt,12.9833,77.5833,Shyam Spectra Pvt,119.82.107.155,KA,Karnataka,success,Asia/Kolkata,560100,2018-09-14 15:04:05
UItdaK1sPQXSOA7BwjC0,1cc44a4d-40c4-4b53-abce-0ff105405905,Email,157.50.62.25,Chennai,India,IN,Jio,13.0833,80.2833,Jio,157.50.62.25,TN,Tamil Nadu,success,Asia/Kolkata,600003,2018-09-14 15:34:53
UItdaK1sPQXSOA7BwjC0,1cc44a4d-40c4-4b53-abce-0ff105405905,Email,157.50.62.25,Chennai,India,IN,Jio,13.0833,80.2833,Jio,157.50.62.25,TN,Tamil Nadu,success,Asia/Kolkata,600003,2018-09-14 15:34:58
UItdaK1sPQXSOA7BwjC0,1cc44a4d-40c4-4b53-abce-0ff105405905,Email,14.139.187.67,Chennai,India,IN,National Informatics Centre,13.0833,80.2833,SRM Institute of Science and Technology,14.139.187.67,TN,Tamil Nadu,success,Asia/Kolkata,603203,2018-09-14 16:25:11
UItdaK1sPQXSOA7BwjC0,1cc44a4d-40c4-4b53-abce-0ff105405905,Email,103.109.108.164,Vellore,India,IN,Rs Broadband Services Private Limited,12.9333,79.1333,Blue Lotus Support Services Pvt,103.109.108.164,TN,Tamil Nadu,success,Asia/Kolkata,632014,2018-09-14 16:55:02
UItdaK1sPQXSOA7BwjC0,1cc44a4d-40c4-4b53-abce-0ff105405905,Email,106.208.136.56,Chennai,India,IN,Bharti Airtel,13.0833,80.2833,Bharti Airtel,106.208.136.56,TN,Tamil Nadu,success,Asia/Kolkata,600001,2018-09-14 18:43:05
UItdaK1sPQXSOA7BwjC0,1cc44a4d-40c4-4b53-abce-0ff105405905,Email,157.46.52.46,Marathi,India,IN,Jio,19.1299,73.0147,Jio,157.46.52.46,,Maharashtra,success,Asia/Kolkata,,2018-09-14 19:04:46
UItdaK1sPQXSOA7BwjC0,1cc44a4d-40c4-4b53-abce-0ff105405905,Email,157.51.95.254,Chennai,India,IN,Jio,13.0833,80.2833,Jio,157.51.95.254,TN,Tamil Nadu,success,Asia/Kolkata,600003,2018-09-14 19:12:10
UItdaK1sPQXSOA7BwjC0,1cc44a4d-40c4-4b53-abce-0ff105405905,Email,124.123.68.71,Champapet,India,IN,ACT Fibernet,17.3438,78.5173,ACT Fibernet,124.123.68.71,TG,Telangana,success,Asia/Kolkata,500072,2018-09-14 19:28:49
UItdaK1sPQXSOA7BwjC0,1cc44a4d-40c4-4b53-abce-0ff105405905,Email,157.46.52.46,Marathi,India,IN,Jio,19.1299,73.0147,Jio,157.46.52.46,,Maharashtra,success,Asia/Kolkata,,2018-09-14 23:40:39
UItdaK1sPQXSOA7BwjC0,1cc44a4d-40c4-4b53-abce-0ff105405905,Email,106.208.115.15,Chennai,India,IN,Bharti Airtel,13.0833,80.2833,Bharti Airtel,106.208.115.15,TN,Tamil Nadu,success,Asia/Kolkata,600001,2018-09-15 00:35:05
UItdaK1sPQXSOA7BwjC0,1cc44a4d-40c4-4b53-abce-0ff105405905,Email,42.111.35.240,New Delhi,India,IN,Vodafone India,28.6,77.2,Vodafone India,42.111.35.240,DL,National Capital Territory of Delhi,success,Asia/Kolkata,110011,2018-09-15 04:52:03
UItdaK1sPQXSOA7BwjC0,1cc44a4d-40c4-4b53-abce-0ff105405905,Email,106.208.143.105,Chennai,India,IN,Bharti Airtel,13.0833,80.2833,Bharti Airtel,106.208.143.105,TN,Tamil Nadu,success,Asia/Kolkata,600003,2018-09-15 05:36:35
UItdaK1sPQXSOA7BwjC0,a2e19bdc-73db-4dc9-899a-3bc5b86f4009,LinkedIn,106.201.190.111,Chennai,India,IN,Airtel Broadband,13.0833,80.2833,Airtel Broadband,106.201.190.111,TN,Tamil Nadu,success,Asia/Kolkata,600001,2018-09-15 08:42:11
UItdaK1sPQXSOA7BwjC0,a2e19bdc-73db-4dc9-899a-3bc5b86f4009,Facebook,106.208.79.238,Chennai,India,IN,Bharti Airtel,13.0833,80.2833,Bharti Airtel,106.208.79.238,TN,Tamil Nadu,success,Asia/Kolkata,600003,2018-09-15 08:55:04
UItdaK1sPQXSOA7BwjC0,a2e19bdc-73db-4dc9-899a-3bc5b86f4009,Facebook,106.208.79.238,Chennai,India,IN,Bharti Airtel,13.0833,80.2833,Bharti Airtel,106.208.79.238,TN,Tamil Nadu,success,Asia/Kolkata,600003,2018-09-15 08:55:11
UItdaK1sPQXSOA7BwjC0,a2e19bdc-73db-4dc9-899a-3bc5b86f4009,LinkedIn,106.208.79.238,Chennai,India,IN,Bharti Airtel,13.0833,80.2833,Bharti Airtel,106.208.79.238,TN,Tamil Nadu,success,Asia/Kolkata,600003,2018-09-15 08:55:34
UItdaK1sPQXSOA7BwjC0,1cc44a4d-40c4-4b53-abce-0ff105405905,Email,157.50.236.234,Tiruchi,India,IN,Jio,10.805,78.6856,Jio,157.50.236.234,TN,Tamil Nadu,success,Asia/Kolkata,620001,2018-09-15 15:02:03
UItdaK1sPQXSOA7BwjC0,1cc44a4d-40c4-4b53-abce-0ff105405905,Email,157.50.236.234,Tiruchi,India,IN,Jio,10.805,78.6856,Jio,157.50.236.234,TN,Tamil Nadu,success,Asia/Kolkata,620001,2018-09-15 15:02:03
UItdaK1sPQXSOA7BwjC0,1cc44a4d-40c4-4b53-abce-0ff105405905,Email,49.15.198.67,Kozhikode,India,IN,Idea Cellular,11.25,75.7667,Idea Cellular,49.15.198.67,KL,Kerala,success,Asia/Kolkata,673001,2018-09-15 16:23:48
UItdaK1sPQXSOA7BwjC0,1cc44a4d-40c4-4b53-abce-0ff105405905,Email,106.208.41.203,Chennai,India,IN,Bharti Airtel,13.0833,80.2833,Bharti Airtel,106.208.41.203,TN,Tamil Nadu,success,Asia/Kolkata,600001,2018-09-16 04:12:09
UItdaK1sPQXSOA7BwjC0,1cc44a4d-40c4-4b53-abce-0ff105405905,Email,106.51.28.3,Bengaluru,India,IN,Atria Convergence Technologies Pvt. Ltd.,12.9833,77.5833,Atria Convergence Technologies Pvt. Ltd. Broadband,106.51.28.3,KA,Karnataka,success,Asia/Kolkata,560076,2018-09-16 08:23:20
UItdaK1sPQXSOA7BwjC0,a2e19bdc-73db-4dc9-899a-3bc5b86f4009,Facebook,157.51.241.187,Chennai,India,IN,Jio,13.0833,80.2833,Jio,157.51.241.187,TN,Tamil Nadu,success,Asia/Kolkata,600003,2018-09-16 08:58:05
UItdaK1sPQXSOA7BwjC0,a2e19bdc-73db-4dc9-899a-3bc5b86f4009,Facebook,157.51.241.187,Chennai,India,IN,Jio,13.0833,80.2833,Jio,157.51.241.187,TN,Tamil Nadu,success,Asia/Kolkata,600003,2018-09-16 08:58:05
UItdaK1sPQXSOA7BwjC0,a2e19bdc-73db-4dc9-899a-3bc5b86f4009,Facebook,157.50.7.44,Coimbatore,India,IN,Jio,10.9925,76.9614,Jio,157.50.7.44,TN,Tamil Nadu,success,Asia/Kolkata,641001,2018-09-16 08:59:07
UItdaK1sPQXSOA7BwjC0,a2e19bdc-73db-4dc9-899a-3bc5b86f4009,Facebook,157.49.230.49,Bengaluru,India,IN,Jio,12.9833,77.5833,Jio,157.49.230.49,KA,Karnataka,success,Asia/Kolkata,560001,2018-09-16 09:04:47
UItdaK1sPQXSOA7BwjC0,a2e19bdc-73db-4dc9-899a-3bc5b86f4009,Facebook,157.49.230.49,Bengaluru,India,IN,Jio,12.9833,77.5833,Jio,157.49.230.49,KA,Karnataka,success,Asia/Kolkata,560001,2018-09-16 09:07:55
UItdaK1sPQXSOA7BwjC0,a2e19bdc-73db-4dc9-899a-3bc5b86f4009,Facebook,157.50.13.132,Chennai,India,IN,Jio,13.0833,80.2833,Jio,157.50.13.132,TN,Tamil Nadu,success,Asia/Kolkata,600001,2018-09-16 09:24:20
UItdaK1sPQXSOA7BwjC0,a2e19bdc-73db-4dc9-899a-3bc5b86f4009,Facebook,157.50.7.44,Coimbatore,India,IN,Jio,10.9925,76.9614,Jio,157.50.7.44,TN,Tamil Nadu,success,Asia/Kolkata,641001,2018-09-16 09:38:26
UItdaK1sPQXSOA7BwjC0,a2e19bdc-73db-4dc9-899a-3bc5b86f4009,Facebook,157.51.226.224,Chennai,India,IN,Jio,13.0833,80.2833,Jio,157.51.226.224,TN,Tamil Nadu,success,Asia/Kolkata,600001,2018-09-16 09:42:15
UItdaK1sPQXSOA7BwjC0,a2e19bdc-73db-4dc9-899a-3bc5b86f4009,Facebook,157.50.127.33,Chennai,India,IN,Jio,13.0833,80.2833,Jio,157.50.127.33,TN,Tamil Nadu,success,Asia/Kolkata,600003,2018-09-16 09:51:51
UItdaK1sPQXSOA7BwjC0,a2e19bdc-73db-4dc9-899a-3bc5b86f4009,LinkedIn,1.186.6.162,Mumbai,India,IN,D-VoiS Broadband Private Limited,18.975,72.8258,D-Vois Broadband Pvt,1.186.6.162,MH,Maharashtra,success,Asia/Kolkata,400057,2018-09-16 09:53:29
UItdaK1sPQXSOA7BwjC0,a2e19bdc-73db-4dc9-899a-3bc5b86f4009,Facebook,178.79.168.254,London,United Kingdom,GB,Linode,51.5142,-0.0931,Linode,178.79.168.254,ENG,England,success,Europe/London,EC2V,2018-09-16 10:02:09
UItdaK1sPQXSOA7BwjC0,a2e19bdc-73db-4dc9-899a-3bc5b86f4009,Facebook,157.50.5.97,Chennai,India,IN,Jio,13.0833,80.2833,Jio,157.50.5.97,TN,Tamil Nadu,success,Asia/Kolkata,600003,2018-09-16 10:04:19
UItdaK1sPQXSOA7BwjC0,a2e19bdc-73db-4dc9-899a-3bc5b86f4009,Facebook,14.139.187.67,Chennai,India,IN,National Informatics Centre,13.0833,80.2833,SRM Institute of Science and Technology,14.139.187.67,TN,Tamil Nadu,success,Asia/Kolkata,603203,2018-09-16 10:05:21
UItdaK1sPQXSOA7BwjC0,a2e19bdc-73db-4dc9-899a-3bc5b86f4009,Facebook,106.66.175.113,Chennai,India,IN,Idea Cellular,13.0833,80.2833,Idea Cellular,106.66.175.113,TN,Tamil Nadu,success,Asia/Kolkata,600003,2018-09-16 10:18:52
UItdaK1sPQXSOA7BwjC0,a2e19bdc-73db-4dc9-899a-3bc5b86f4009,Facebook,157.51.233.195,Chennai,India,IN,Jio,13.0833,80.2833,Jio,157.51.233.195,TN,Tamil Nadu,success,Asia/Kolkata,600001,2018-09-16 10:20:22
UItdaK1sPQXSOA7BwjC0,a2e19bdc-73db-4dc9-899a-3bc5b86f4009,Facebook,182.65.36.179,Chennai,India,IN,Bharti Broadband,13.0833,80.2833,Bharti Airtel,182.65.36.179,TN,Tamil Nadu,success,Asia/Kolkata,600003,2018-09-16 10:33:53
UItdaK1sPQXSOA7BwjC0,a2e19bdc-73db-4dc9-899a-3bc5b86f4009,Facebook,117.198.102.130,Guntur,India,IN,BSNL,16.3,80.45,BSNL,117.198.102.130,AP,Andhra Pradesh,success,Asia/Kolkata,522001,2018-09-16 11:43:42
UItdaK1sPQXSOA7BwjC0,1cc44a4d-40c4-4b53-abce-0ff105405905,Email,42.111.137.72,Chennai,India,IN,Vodafone India,13.0833,80.2833,Vodafone India,42.111.137.72,TN,Tamil Nadu,success,Asia/Kolkata,600003,2018-09-16 12:29:28
UItdaK1sPQXSOA7BwjC0,a2e19bdc-73db-4dc9-899a-3bc5b86f4009,Facebook,117.198.102.130,Guntur,India,IN,BSNL,16.3,80.45,BSNL,117.198.102.130,AP,Andhra Pradesh,success,Asia/Kolkata,522001,2018-09-16 14:32:28
UItdaK1sPQXSOA7BwjC0,1cc44a4d-40c4-4b53-abce-0ff105405905,Email,157.46.27.88,Marathi,India,IN,Jio,19.1299,73.0147,Jio,157.46.27.88,,Maharashtra,success,Asia/Kolkata,,2018-09-16 14:45:48
UItdaK1sPQXSOA7BwjC0,a2e19bdc-73db-4dc9-899a-3bc5b86f4009,LinkedIn,117.220.246.184,Madgaon,India,IN,BSNL,15.3,73.95,BSNL,117.220.246.184,GA,Goa,success,Asia/Kolkata,403601,2018-09-16 15:22:50
UItdaK1sPQXSOA7BwjC0,a2e19bdc-73db-4dc9-899a-3bc5b86f4009,LinkedIn,117.246.138.159,Rasipuram,India,IN,BSNL,11.4667,78.1667,BSNL,117.246.138.159,TN,Tamil Nadu,success,Asia/Kolkata,637408,2018-09-16 15:39:19
UItdaK1sPQXSOA7BwjC0,a2e19bdc-73db-4dc9-899a-3bc5b86f4009,LinkedIn,106.51.31.144,Bengaluru,India,IN,Atria Convergence Technologies Pvt. Ltd.,12.9833,77.5833,Atria Convergence Technologies Pvt. Ltd. Broadband,106.51.31.144,KA,Karnataka,success,Asia/Kolkata,560076,2018-09-16 16:13:11
UItdaK1sPQXSOA7BwjC0,a2e19bdc-73db-4dc9-899a-3bc5b86f4009,LinkedIn,157.46.68.224,Marathi,India,IN,Jio,19.1299,73.0147,Jio,157.46.68.224,,Maharashtra,success,Asia/Kolkata,,2018-09-16 16:21:16
UItdaK1sPQXSOA7BwjC0,1cc44a4d-40c4-4b53-abce-0ff105405905,Email,115.249.106.164,Vellore,India,IN,Reliance Communications,12.9333,79.1333,Reliance Communications,115.249.106.164,TN,Tamil Nadu,success,Asia/Kolkata,632014,2018-09-16 16:30:39
UItdaK1sPQXSOA7BwjC0,a2e19bdc-73db-4dc9-899a-3bc5b86f4009,LinkedIn,157.51.225.190,Chennai,India,IN,Jio,13.0833,80.2833,Jio,157.51.225.190,TN,Tamil Nadu,success,Asia/Kolkata,600001,2018-09-16 16:40:34
UItdaK1sPQXSOA7BwjC0,a2e19bdc-73db-4dc9-899a-3bc5b86f4009,LinkedIn,47.31.44.253,New Delhi,India,IN,Jio,28.6,77.2,Jio,47.31.44.253,DL,National Capital Territory of Delhi,success,Asia/Kolkata,110011,2018-09-16 17:16:28
UItdaK1sPQXSOA7BwjC0,a2e19bdc-73db-4dc9-899a-3bc5b86f4009,LinkedIn,157.51.241.123,Chennai,India,IN,Jio,13.0833,80.2833,Jio,157.51.241.123,TN,Tamil Nadu,success,Asia/Kolkata,600003,2018-09-16 17:40:31
UItdaK1sPQXSOA7BwjC0,1cc44a4d-40c4-4b53-abce-0ff105405905,Email,103.109.108.164,Vellore,India,IN,Rs Broadband Services Private Limited,12.9333,79.1333,Blue Lotus Support Services Pvt,103.109.108.164,TN,Tamil Nadu,success,Asia/Kolkata,632014,2018-09-16 18:50:31
UItdaK1sPQXSOA7BwjC0,a2e19bdc-73db-4dc9-899a-3bc5b86f4009,LinkedIn,106.193.184.115,Pune,India,IN,Bharti Airtel,18.5333,73.8667,Bharti Airtel,106.193.184.115,MH,Maharashtra,success,Asia/Kolkata,411001,2018-09-16 20:10:36
UItdaK1sPQXSOA7BwjC0,a2e19bdc-73db-4dc9-899a-3bc5b86f4009,LinkedIn,106.208.43.54,Chennai,India,IN,Bharti Airtel,13.0833,80.2833,Bharti Airtel,106.208.43.54,TN,Tamil Nadu,success,Asia/Kolkata,600003,2018-09-16 20:33:41
UItdaK1sPQXSOA7BwjC0,a2e19bdc-73db-4dc9-899a-3bc5b86f4009,LinkedIn,157.39.73.100,Panchkula,India,IN,Jio,30.6946,76.8504,Jio,157.39.73.100,HR,Haryana,success,Asia/Kolkata,134102,2018-09-16 22:21:53
UItdaK1sPQXSOA7BwjC0,a2e19bdc-73db-4dc9-899a-3bc5b86f4009,LinkedIn,27.5.69.94,Chennai,India,IN,Hathway,13.0833,80.2833,Hathway,27.5.69.94,TN,Tamil Nadu,success,Asia/Kolkata,600003,2018-09-17 02:02:07
UItdaK1sPQXSOA7BwjC0,a2e19bdc-73db-4dc9-899a-3bc5b86f4009,LinkedIn,27.5.69.94,Chennai,India,IN,Hathway,13.0833,80.2833,Hathway,27.5.69.94,TN,Tamil Nadu,success,Asia/Kolkata,600003,2018-09-17 02:02:07
UItdaK1sPQXSOA7BwjC0,a2e19bdc-73db-4dc9-899a-3bc5b86f4009,LinkedIn,223.190.91.169,New Delhi,India,IN,Bharti Airtel,28.6,77.2,Bharti Airtel,223.190.91.169,DL,National Capital Territory of Delhi,success,Asia/Kolkata,110011,2018-09-17 02:55:28
UItdaK1sPQXSOA7BwjC0,a2e19bdc-73db-4dc9-899a-3bc5b86f4009,Facebook,117.249.192.229,Bengaluru,India,IN,BSNL,12.9833,77.5833,BSNL,117.249.192.229,KA,Karnataka,success,Asia/Kolkata,560001,2018-09-17 03:05:31
UItdaK1sPQXSOA7BwjC0,a2e19bdc-73db-4dc9-899a-3bc5b86f4009,Facebook,157.48.83.142,Hyderabad,India,IN,Jio,17.3753,78.4744,Jio,157.48.83.142,TG,Telangana,success,Asia/Kolkata,500044,2018-09-17 03:56:35
UItdaK1sPQXSOA7BwjC0,a2e19bdc-73db-4dc9-899a-3bc5b86f4009,Facebook,157.48.8.238,Hyderabad,India,IN,Jio,17.3753,78.4744,Jio,157.48.8.238,TG,Telangana,success,Asia/Kolkata,500044,2018-09-17 03:56:36
UItdaK1sPQXSOA7BwjC0,a2e19bdc-73db-4dc9-899a-3bc5b86f4009,LinkedIn,157.50.83.132,Chennai,India,IN,Jio,13.0833,80.2833,Jio,157.50.83.132,TN,Tamil Nadu,success,Asia/Kolkata,600003,2018-09-17 04:05:40
UItdaK1sPQXSOA7BwjC0,a2e19bdc-73db-4dc9-899a-3bc5b86f4009,LinkedIn,157.51.97.146,Namakkal,India,IN,Jio,11.2333,78.1667,Jio,157.51.97.146,TN,Tamil Nadu,success,Asia/Kolkata,637001,2018-09-17 05:16:35
UItdaK1sPQXSOA7BwjC0,a2e19bdc-73db-4dc9-899a-3bc5b86f4009,LinkedIn,103.220.208.136,Kolkata,India,IN,Golden Touch International,22.5697,88.3697,Alliance Broadband Services Pvt.,103.220.208.136,WB,West Bengal,success,Asia/Kolkata,700059,2018-09-17 05:49:26
UItdaK1sPQXSOA7BwjC0,1cc44a4d-40c4-4b53-abce-0ff105405905,Email,121.200.50.45,Coimbatore,India,IN,Wireless Solution India Pvt,10.9925,76.9614,Wireline Solution India Pvt,121.200.50.45,TN,Tamil Nadu,success,Asia/Kolkata,641044,2018-09-17 06:15:00
UItdaK1sPQXSOA7BwjC0,1cc44a4d-40c4-4b53-abce-0ff105405905,Email,121.200.50.45,Coimbatore,India,IN,Wireless Solution India Pvt,10.9925,76.9614,Wireline Solution India Pvt,121.200.50.45,TN,Tamil Nadu,success,Asia/Kolkata,641044,2018-09-17 06:15:08
UItdaK1sPQXSOA7BwjC0,1cc44a4d-40c4-4b53-abce-0ff105405905,Email,42.110.137.223,Kolkata,India,IN,Vodafone India,22.5697,88.3697,Vodafone India,42.110.137.223,WB,West Bengal,success,Asia/Kolkata,700059,2018-09-17 08:06:49
UItdaK1sPQXSOA7BwjC0,1cc44a4d-40c4-4b53-abce-0ff105405905,Email,122.15.164.134,Vellore,India,IN,Vodafone Mobile Services,12.9333,79.1333,Vodafone India,122.15.164.134,TN,Tamil Nadu,success,Asia/Kolkata,632014,2018-09-17 08:50:06
UItdaK1sPQXSOA7BwjC0,a2e19bdc-73db-4dc9-899a-3bc5b86f4009,LinkedIn,103.95.166.123,Delhi,India,IN,MNR Broadband Services Pvt.,28.6667,77.2167,MNR Broadband Services Pvt.,103.95.166.123,DL,National Capital Territory of Delhi,success,Asia/Kolkata,110089,2018-09-17 09:08:01
UItdaK1sPQXSOA7BwjC0,a2e19bdc-73db-4dc9-899a-3bc5b86f4009,LinkedIn,125.22.100.34,Bengaluru,India,IN,Bharti Broadband,12.9833,77.5833,Bharti Airtel,125.22.100.34,KA,Karnataka,success,Asia/Kolkata,560008,2018-09-17 10:36:23
UItdaK1sPQXSOA7BwjC0,a2e19bdc-73db-4dc9-899a-3bc5b86f4009,LinkedIn,106.203.54.53,Puducherry,India,IN,Bharti Airtel,11.93,79.83,Bharti Airtel,106.203.54.53,PY,Union Territory of Puducherry,success,Asia/Kolkata,605001,2018-09-17 11:28:39
UItdaK1sPQXSOA7BwjC0,a2e19bdc-73db-4dc9-899a-3bc5b86f4009,LinkedIn,47.247.219.229,Jabalpur,India,IN,Jio,23.1815,79.9864,Jio,47.247.219.229,MP,Madhya Pradesh,success,Asia/Kolkata,482001,2018-09-17 11:33:56
UItdaK1sPQXSOA7BwjC0,a2e19bdc-73db-4dc9-899a-3bc5b86f4009,Facebook,117.246.76.47,Bengaluru,India,IN,BSNL,12.9833,77.5833,BSNL,117.246.76.47,KA,Karnataka,success,Asia/Kolkata,560001,2018-09-17 14:23:21
UItdaK1sPQXSOA7BwjC0,a2e19bdc-73db-4dc9-899a-3bc5b86f4009,Facebook,49.15.164.85,Indore,India,IN,Idea Cellular,22.7167,75.8333,Idea Cellular,49.15.164.85,MP,Madhya Pradesh,success,Asia/Kolkata,452009,2018-09-17 14:40:06
UItdaK1sPQXSOA7BwjC0,a2e19bdc-73db-4dc9-899a-3bc5b86f4009,Facebook,106.79.233.164,Bhopal,India,IN,Idea Cellular,23.2667,77.4,Idea Cellular,106.79.233.164,MP,Madhya Pradesh,success,Asia/Kolkata,460443,2018-09-17 14:41:40
UItdaK1sPQXSOA7BwjC0,a2e19bdc-73db-4dc9-899a-3bc5b86f4009,LinkedIn,106.203.42.19,Vellore,India,IN,Bharti Airtel,12.9333,79.1333,Bharti Airtel,106.203.42.19,TN,Tamil Nadu,success,Asia/Kolkata,632001,2018-09-17 15:40:26
UItdaK1sPQXSOA7BwjC0,a2e19bdc-73db-4dc9-899a-3bc5b86f4009,LinkedIn,43.224.157.34,Bengaluru,India,IN,TTN Networks Pvt LTD,12.9833,77.5833,TTN Networks Pvt LTD,43.224.157.34,KA,Karnataka,success,Asia/Kolkata,560103,2018-09-17 15:47:29
UItdaK1sPQXSOA7BwjC0,1cc44a4d-40c4-4b53-abce-0ff105405905,Email,118.185.217.194,Vellore,India,IN,Vodafone Mobile Services,12.9333,79.1333,Vodafone India,118.185.217.194,TN,Tamil Nadu,success,Asia/Kolkata,632014,2018-09-17 16:09:49
UItdaK1sPQXSOA7BwjC0,a2e19bdc-73db-4dc9-899a-3bc5b86f4009,LinkedIn,157.46.31.63,Marathi,India,IN,Jio,19.1299,73.0147,Jio,157.46.31.63,,Maharashtra,success,Asia/Kolkata,,2018-09-17 17:54:21
UItdaK1sPQXSOA7BwjC0,a2e19bdc-73db-4dc9-899a-3bc5b86f4009,LinkedIn,157.46.31.63,Marathi,India,IN,Jio,19.1299,73.0147,Jio,157.46.31.63,,Maharashtra,success,Asia/Kolkata,,2018-09-17 17:54:22
UItdaK1sPQXSOA7BwjC0,a2e19bdc-73db-4dc9-899a-3bc5b86f4009,LinkedIn,42.109.154.2,Bengaluru,India,IN,Vodafone India,12.9833,77.5833,Vodafone India,42.109.154.2,KA,Karnataka,success,Asia/Kolkata,560001,2018-09-17 18:12:41
UItdaK1sPQXSOA7BwjC0,a2e19bdc-73db-4dc9-899a-3bc5b86f4009,LinkedIn,210.18.148.84,Chennai,India,IN,Hathway,13.0833,80.2833,Hathway,210.18.148.84,TN,Tamil Nadu,success,Asia/Kolkata,600091,2018-09-17 18:49:31
UItdaK1sPQXSOA7BwjC0,a2e19bdc-73db-4dc9-899a-3bc5b86f4009,LinkedIn,223.238.2.198,Chirala,India,IN,Airtel,15.8167,80.35,Airtel,223.238.2.198,AP,Andhra Pradesh,success,Asia/Kolkata,523155,2018-09-17 18:56:07
UItdaK1sPQXSOA7BwjC0,1cc44a4d-40c4-4b53-abce-0ff105405905,Email,106.203.50.229,Vellore,India,IN,Bharti Airtel,12.9333,79.1333,Bharti Airtel,106.203.50.229,TN,Tamil Nadu,success,Asia/Kolkata,632001,2018-09-17 20:16:16
UItdaK1sPQXSOA7BwjC0,a2e19bdc-73db-4dc9-899a-3bc5b86f4009,LinkedIn,42.111.138.50,Chennai,India,IN,Vodafone India,13.0833,80.2833,Vodafone India,42.111.138.50,TN,Tamil Nadu,success,Asia/Kolkata,600003,2018-09-18 05:17:32
UItdaK1sPQXSOA7BwjC0,1cc44a4d-40c4-4b53-abce-0ff105405905,Email,115.248.50.24,Vellore,India,IN,Reliance Communications,12.9333,79.1333,Reliance Communications,115.248.50.24,TN,Tamil Nadu,success,Asia/Kolkata,632014,2018-09-18 07:26:00
UItdaK1sPQXSOA7BwjC0,1cc44a4d-40c4-4b53-abce-0ff105405905,Email,115.248.50.24,Vellore,India,IN,Reliance Communications,12.9333,79.1333,Reliance Communications,115.248.50.24,TN,Tamil Nadu,success,Asia/Kolkata,632014,2018-09-18 07:36:32
UItdaK1sPQXSOA7BwjC0,a2e19bdc-73db-4dc9-899a-3bc5b86f4009,LinkedIn,45.251.50.164,Noida,India,IN,FusionNet,28.57,77.32,Fusionnet web services Pvt. Ltd,45.251.50.164,UP,Uttar Pradesh,success,Asia/Kolkata,201301,2018-09-18 08:03:06
UItdaK1sPQXSOA7BwjC0,1cc44a4d-40c4-4b53-abce-0ff105405905,Email,122.15.77.140,Vellore,India,IN,Vodafone Mobile Services,12.9333,79.1333,Vodafone India,122.15.77.140,TN,Tamil Nadu,success,Asia/Kolkata,632014,2018-09-18 09:07:54
UItdaK1sPQXSOA7BwjC0,a2e19bdc-73db-4dc9-899a-3bc5b86f4009,LinkedIn,157.50.40.200,Chennai,India,IN,Jio,13.0833,80.2833,Jio,157.50.40.200,TN,Tamil Nadu,success,Asia/Kolkata,600003,2018-09-18 11:00:58
UItdaK1sPQXSOA7BwjC0,a2e19bdc-73db-4dc9-899a-3bc5b86f4009,LinkedIn,42.111.136.36,Chennai,India,IN,Vodafone India,13.0833,80.2833,Vodafone India,42.111.136.36,TN,Tamil Nadu,success,Asia/Kolkata,600001,2018-09-18 12:21:30
UItdaK1sPQXSOA7BwjC0,a2e19bdc-73db-4dc9-899a-3bc5b86f4009,LinkedIn,42.111.136.36,Chennai,India,IN,Vodafone India,13.0833,80.2833,Vodafone India,42.111.136.36,TN,Tamil Nadu,success,Asia/Kolkata,600001,2018-09-18 12:31:23
UItdaK1sPQXSOA7BwjC0,a2e19bdc-73db-4dc9-899a-3bc5b86f4009,LinkedIn,27.62.6.103,Chennai,India,IN,Bharti Airtel,13.0833,80.2833,Bharti Airtel,27.62.6.103,TN,Tamil Nadu,success,Asia/Kolkata,600003,2018-09-18 12:41:26
UItdaK1sPQXSOA7BwjC0,a2e19bdc-73db-4dc9-899a-3bc5b86f4009,LinkedIn,117.193.209.168,Chennai,India,IN,BSNL,13.0833,80.2833,BSNL,117.193.209.168,TN,Tamil Nadu,success,Asia/Kolkata,600001,2018-09-18 13:17:16
UItdaK1sPQXSOA7BwjC0,1cc44a4d-40c4-4b53-abce-0ff105405905,Email,157.50.50.53,Chennai,India,IN,Jio,13.0833,80.2833,Jio,157.50.50.53,TN,Tamil Nadu,success,Asia/Kolkata,600001,2018-09-18 14:28:38
UItdaK1sPQXSOA7BwjC0,a2e19bdc-73db-4dc9-899a-3bc5b86f4009,LinkedIn,106.203.23.246,Vellore,India,IN,Bharti Airtel,12.9333,79.1333,Bharti Airtel,106.203.23.246,TN,Tamil Nadu,success,Asia/Kolkata,614620,2018-09-18 15:25:45
UItdaK1sPQXSOA7BwjC0,1cc44a4d-40c4-4b53-abce-0ff105405905,Email,42.111.158.36,Chennai,India,IN,Vodafone India,13.0833,80.2833,Vodafone India,42.111.158.36,TN,Tamil Nadu,success,Asia/Kolkata,600003,2018-09-18 17:00:58
UItdaK1sPQXSOA7BwjC0,a2e19bdc-73db-4dc9-899a-3bc5b86f4009,LinkedIn,157.46.30.230,Marathi,India,IN,Jio,19.1299,73.0147,Jio,157.46.30.230,,Maharashtra,success,Asia/Kolkata,,2018-09-18 17:01:23
UItdaK1sPQXSOA7BwjC0,a2e19bdc-73db-4dc9-899a-3bc5b86f4009,Facebook,115.248.50.22,Vellore,India,IN,Reliance Communications,12.9333,79.1333,Reliance Communications,115.248.50.22,TN,Tamil Nadu,success,Asia/Kolkata,632014,2018-09-18 17:05:20
UItdaK1sPQXSOA7BwjC0,a2e19bdc-73db-4dc9-899a-3bc5b86f4009,Facebook,115.248.50.22,Vellore,India,IN,Reliance Communications,12.9333,79.1333,Reliance Communications,115.248.50.22,TN,Tamil Nadu,success,Asia/Kolkata,632014,2018-09-18 17:18:19
UItdaK1sPQXSOA7BwjC0,a2e19bdc-73db-4dc9-899a-3bc5b86f4009,LinkedIn,118.185.217.195,Vellore,India,IN,Vodafone Mobile Services,12.9333,79.1333,Vodafone India,118.185.217.195,TN,Tamil Nadu,success,Asia/Kolkata,632014,2018-09-18 18:07:13
UItdaK1sPQXSOA7BwjC0,a2e19bdc-73db-4dc9-899a-3bc5b86f4009,LinkedIn,157.50.71.61,Chennai,India,IN,Jio,13.0833,80.2833,Jio,157.50.71.61,TN,Tamil Nadu,success,Asia/Kolkata,600003,2018-09-19 00:21:38
UItdaK1sPQXSOA7BwjC0,a2e19bdc-73db-4dc9-899a-3bc5b86f4009,Facebook,157.50.208.123,Chennai,India,IN,Jio,13.0833,80.2833,Jio,157.50.208.123,TN,Tamil Nadu,success,Asia/Kolkata,600033,2018-09-19 01:19:50
UItdaK1sPQXSOA7BwjC0,1cc44a4d-40c4-4b53-abce-0ff105405905,Email,42.109.157.107,Bengaluru,India,IN,Vodafone India,12.9833,77.5833,Vodafone India,42.109.157.107,KA,Karnataka,success,Asia/Kolkata,560001,2018-09-19 06:02:25
UItdaK1sPQXSOA7BwjC0,1cc44a4d-40c4-4b53-abce-0ff105405905,Email,157.50.126.142,Chennai,India,IN,Jio,13.0833,80.2833,Jio,157.50.126.142,TN,Tamil Nadu,success,Asia/Kolkata,600001,2018-09-19 08:31:23
UItdaK1sPQXSOA7BwjC0,a2e19bdc-73db-4dc9-899a-3bc5b86f4009,Facebook,111.93.143.126,Bengaluru,India,IN,Tata Teleservices ISP,12.9833,77.5833,Tata Teleservices ISP,111.93.143.126,KA,Karnataka,success,Asia/Kolkata,560076,2018-09-19 08:49:09
UItdaK1sPQXSOA7BwjC0,a2e19bdc-73db-4dc9-899a-3bc5b86f4009,LinkedIn,115.248.50.22,Vellore,India,IN,Reliance Communications,12.9333,79.1333,Reliance Communications,115.248.50.22,TN,Tamil Nadu,success,Asia/Kolkata,632014,2018-09-19 09:24:47
UItdaK1sPQXSOA7BwjC0,a2e19bdc-73db-4dc9-899a-3bc5b86f4009,LinkedIn,115.248.50.22,Vellore,India,IN,Reliance Communications,12.9333,79.1333,Reliance Communications,115.248.50.22,TN,Tamil Nadu,success,Asia/Kolkata,632014,2018-09-19 09:24:47
UItdaK1sPQXSOA7BwjC0,1cc44a4d-40c4-4b53-abce-0ff105405905,Email,157.50.217.124,Coimbatore,India,IN,Jio,10.9925,76.9614,Jio,157.50.217.124,TN,Tamil Nadu,success,Asia/Kolkata,641001,2018-09-19 11:08:26
UItdaK1sPQXSOA7BwjC0,a2e19bdc-73db-4dc9-899a-3bc5b86f4009,LinkedIn,49.206.124.28,Chennai,India,IN,ACT Fibernet,13.0833,80.2833,Atria Convergence Technologies Pvt. Ltd. Broadband,49.206.124.28,TN,Tamil Nadu,success,Asia/Kolkata,600003,2018-09-19 12:11:51
UItdaK1sPQXSOA7BwjC0,a2e19bdc-73db-4dc9-899a-3bc5b86f4009,Facebook,139.68.81.4,Framingham,United States,US,Bose Corporation,42.3233,-71.4352,Bose Corporation,139.68.81.4,MA,Massachusetts,success,America/New_York,01701,2018-09-19 12:57:31
UItdaK1sPQXSOA7BwjC0,a2e19bdc-73db-4dc9-899a-3bc5b86f4009,Facebook,198.178.12.68,Exton,United States,US,Comcast Cable,40.0409,-75.6374,"Telecommunications, Inc. (TCI)",198.178.12.68,PA,Pennsylvania,success,America/New_York,19341,2018-09-19 13:24:36
UItdaK1sPQXSOA7BwjC0,a2e19bdc-73db-4dc9-899a-3bc5b86f4009,Facebook,181.230.73.64,Buenos Aires (Palermo),Argentina,AR,Telecom Argentina S.A.,-34.5754,-58.436,Cablevision Argentina,181.230.73.64,,Buenos Aires F.D.,success,America/Argentina/Salta,,2018-09-19 14:16:43
UItdaK1sPQXSOA7BwjC0,1cc44a4d-40c4-4b53-abce-0ff105405905,Email,106.203.39.24,Chennai,India,IN,Bharti Airtel,13.0833,80.2833,Bharti Airtel,106.203.39.24,TN,Tamil Nadu,success,Asia/Kolkata,600003,2018-09-19 15:36:18
UItdaK1sPQXSOA7BwjC0,1cc44a4d-40c4-4b53-abce-0ff105405905,Email,106.203.39.24,Chennai,India,IN,Bharti Airtel,13.0833,80.2833,Bharti Airtel,106.203.39.24,TN,Tamil Nadu,success,Asia/Kolkata,600003,2018-09-19 15:36:20
UItdaK1sPQXSOA7BwjC0,a2e19bdc-73db-4dc9-899a-3bc5b86f4009,Facebook,118.185.217.195,Vellore,India,IN,Vodafone Mobile Services,12.9333,79.1333,Vodafone India,118.185.217.195,TN,Tamil Nadu,success,Asia/Kolkata,632014,2018-09-19 16:32:51
UItdaK1sPQXSOA7BwjC0,a2e19bdc-73db-4dc9-899a-3bc5b86f4009,Facebook,118.185.217.195,Vellore,India,IN,Vodafone Mobile Services,12.9333,79.1333,Vodafone India,118.185.217.195,TN,Tamil Nadu,success,Asia/Kolkata,632014,2018-09-19 16:34:41
UItdaK1sPQXSOA7BwjC0,a2e19bdc-73db-4dc9-899a-3bc5b86f4009,Facebook,118.185.217.195,Vellore,India,IN,Vodafone Mobile Services,12.9333,79.1333,Vodafone India,118.185.217.195,TN,Tamil Nadu,success,Asia/Kolkata,632014,2018-09-19 16:34:48
UItdaK1sPQXSOA7BwjC0,a2e19bdc-73db-4dc9-899a-3bc5b86f4009,Facebook,104.32.167.155,Los Angeles,United States,US,Spectrum,34.0093,-118.2584,Spectrum,104.32.167.155,CA,California,success,America/Los_Angeles,90011,2018-09-19 17:06:40
UItdaK1sPQXSOA7BwjC0,a2e19bdc-73db-4dc9-899a-3bc5b86f4009,Facebook,103.4.223.2,Chennai,India,IN,SRM Nagar,13.0833,80.2833,SRM Nagar,103.4.223.2,TN,Tamil Nadu,success,Asia/Kolkata,603203,2018-09-19 20:29:31
UItdaK1sPQXSOA7BwjC0,a2e19bdc-73db-4dc9-899a-3bc5b86f4009,LinkedIn,122.15.164.134,Vellore,India,IN,Vodafone Mobile Services,12.9333,79.1333,Vodafone India,122.15.164.134,TN,Tamil Nadu,success,Asia/Kolkata,632014,2018-09-20 06:32:47
UItdaK1sPQXSOA7BwjC0,a2e19bdc-73db-4dc9-899a-3bc5b86f4009,LinkedIn,118.185.217.195,Vellore,India,IN,Vodafone Mobile Services,12.9333,79.1333,Vodafone India,118.185.217.195,TN,Tamil Nadu,success,Asia/Kolkata,632014,2018-09-20 06:45:20
UItdaK1sPQXSOA7BwjC0,a2e19bdc-73db-4dc9-899a-3bc5b86f4009,LinkedIn,27.97.31.108,Bengaluru,India,IN,Idea Cellular,12.9833,77.5833,Idea Cellular,27.97.31.108,KA,Karnataka,success,Asia/Kolkata,560033,2018-09-20 07:01:36
UItdaK1sPQXSOA7BwjC0,a2e19bdc-73db-4dc9-899a-3bc5b86f4009,LinkedIn,112.79.148.191,Lucknow,India,IN,Vodafone India,26.85,80.9167,Vodafone India,112.79.148.191,UP,Uttar Pradesh,success,Asia/Kolkata,226004,2018-09-20 11:17:52
UItdaK1sPQXSOA7BwjC0,1cc44a4d-40c4-4b53-abce-0ff105405905,Email,115.248.50.24,Vellore,India,IN,Reliance Communications,12.9333,79.1333,Reliance Communications,115.248.50.24,TN,Tamil Nadu,success,Asia/Kolkata,632014,2018-09-20 14:02:53
UItdaK1sPQXSOA7BwjC0,a2e19bdc-73db-4dc9-899a-3bc5b86f4009,Facebook,76.169.104.136,Encino,United States,US,Spectrum,34.1568,-118.5231,Spectrum,76.169.104.136,CA,California,success,America/Los_Angeles,91316,2018-09-20 15:06:44
UItdaK1sPQXSOA7BwjC0,a2e19bdc-73db-4dc9-899a-3bc5b86f4009,LinkedIn,47.31.141.35,Delhi,India,IN,Jio,28.6667,77.2167,Jio,47.31.141.35,DL,National Capital Territory of Delhi,success,Asia/Kolkata,110054,2018-09-20 19:04:21
UItdaK1sPQXSOA7BwjC0,a2e19bdc-73db-4dc9-899a-3bc5b86f4009,Facebook,106.51.110.208,Bengaluru,India,IN,Atria Convergence Technologies Pvt. Ltd.,12.9833,77.5833,Atria Convergence Technologies Pvt. Ltd. Broadband,106.51.110.208,KA,Karnataka,success,Asia/Kolkata,560004,2018-09-20 19:47:16
UItdaK1sPQXSOA7BwjC0,a2e19bdc-73db-4dc9-899a-3bc5b86f4009,LinkedIn,14.139.187.67,Chennai,India,IN,National Informatics Centre,13.0833,80.2833,SRM Institute of Science and Technology,14.139.187.67,TN,Tamil Nadu,success,Asia/Kolkata,603203,2018-09-20 20:04:21
UItdaK1sPQXSOA7BwjC0,a2e19bdc-73db-4dc9-899a-3bc5b86f4009,LinkedIn,223.238.106.252,Nellore,India,IN,Airtel,14.4333,79.9667,Airtel,223.238.106.252,AP,Andhra Pradesh,success,Asia/Kolkata,524001,2018-09-21 08:00:37
UItdaK1sPQXSOA7BwjC0,a2e19bdc-73db-4dc9-899a-3bc5b86f4009,LinkedIn,223.238.105.10,Tirumala - Tirupati,India,IN,Airtel,13.65,79.4167,Airtel,223.238.105.10,AP,Andhra Pradesh,success,Asia/Kolkata,517101,2018-09-21 08:00:42
UItdaK1sPQXSOA7BwjC0,a2e19bdc-73db-4dc9-899a-3bc5b86f4009,LinkedIn,106.203.41.111,Puducherry,India,IN,Bharti Airtel,11.93,79.83,Bharti Airtel,106.203.41.111,PY,Union Territory of Puducherry,success,Asia/Kolkata,605001,2018-09-21 10:59:52
UItdaK1sPQXSOA7BwjC0,a2e19bdc-73db-4dc9-899a-3bc5b86f4009,LinkedIn,122.15.77.139,Vellore,India,IN,Vodafone Mobile Services,12.9333,79.1333,Vodafone India,122.15.77.139,TN,Tamil Nadu,success,Asia/Kolkata,632014,2018-09-21 16:24:38
UItdaK1sPQXSOA7BwjC0,a2e19bdc-73db-4dc9-899a-3bc5b86f4009,LinkedIn,122.15.77.139,Vellore,India,IN,Vodafone Mobile Services,12.9333,79.1333,Vodafone India,122.15.77.139,TN,Tamil Nadu,success,Asia/Kolkata,632014,2018-09-21 16:34:10
UItdaK1sPQXSOA7BwjC0,a2e19bdc-73db-4dc9-899a-3bc5b86f4009,Facebook,106.79.235.112,Bhopal,India,IN,Idea Cellular,23.2667,77.4,Idea Cellular,106.79.235.112,MP,Madhya Pradesh,success,Asia/Kolkata,460443,2018-09-22 04:23:56
UItdaK1sPQXSOA7BwjC0,a2e19bdc-73db-4dc9-899a-3bc5b86f4009,Facebook,27.97.70.109,Bhilai,India,IN,Idea Cellular,21.2167,81.4333,Idea Cellular,27.97.70.109,CT,Chhattisgarh,success,Asia/Kolkata,491111,2018-09-22 04:23:56
UItdaK1sPQXSOA7BwjC0,1cc44a4d-40c4-4b53-abce-0ff105405905,Email,103.109.108.163,Vellore,India,IN,Rs Broadband Services Private Limited,12.9333,79.1333,Blue Lotus Support Services Pvt,103.109.108.163,TN,Tamil Nadu,success,Asia/Kolkata,632014,2018-09-22 11:10:37
UItdaK1sPQXSOA7BwjC0,1cc44a4d-40c4-4b53-abce-0ff105405905,Email,40.107.214.2,San Antonio,United States,US,Microsoft Corporation,29.4241,-98.4936,Microsoft Azure,40.107.214.2,TX,Texas,success,America/Chicago,78288,2018-09-22 11:10:40
UItdaK1sPQXSOA7BwjC0,a2e19bdc-73db-4dc9-899a-3bc5b86f4009,LinkedIn,157.50.64.70,Chennai,India,IN,Jio,13.0833,80.2833,Jio,157.50.64.70,TN,Tamil Nadu,success,Asia/Kolkata,600003,2018-09-22 14:30:42
UItdaK1sPQXSOA7BwjC0,a2e19bdc-73db-4dc9-899a-3bc5b86f4009,LinkedIn,118.185.253.200,Chennai,India,IN,Vodafone Mobile Services,13.0833,80.2833,Vodafone India,118.185.253.200,TN,Tamil Nadu,success,Asia/Kolkata,600062,2018-09-22 14:51:10
UItdaK1sPQXSOA7BwjC0,a2e19bdc-73db-4dc9-899a-3bc5b86f4009,Facebook,157.50.1.46,Chennai,India,IN,Jio,13.0833,80.2833,Jio,157.50.1.46,TN,Tamil Nadu,success,Asia/Kolkata,600003,2018-09-22 16:37:21
UItdaK1sPQXSOA7BwjC0,a2e19bdc-73db-4dc9-899a-3bc5b86f4009,Facebook,182.73.206.6,Bengaluru,India,IN,Bharti Broadband,12.9833,77.5833,Bharti Airtel,182.73.206.6,KA,Karnataka,success,Asia/Kolkata,560002,2018-09-22 17:53:06
UItdaK1sPQXSOA7BwjC0,a2e19bdc-73db-4dc9-899a-3bc5b86f4009,Facebook,157.45.192.90,Bengaluru,India,IN,Jio,12.9833,77.5833,Jio,157.45.192.90,KA,Karnataka,success,Asia/Kolkata,560001,2018-09-22 18:28:16
UItdaK1sPQXSOA7BwjC0,a2e19bdc-73db-4dc9-899a-3bc5b86f4009,Facebook,85.206.219.143,Panevezys,Republic of Lithuania,LT,"Telia Lietuva, AB",55.7333,24.35,"Telia Lietuva, AB",85.206.219.143,PN,Panevys,success,Europe/Vilnius,36010,2018-09-22 18:53:29
UItdaK1sPQXSOA7BwjC0,a2e19bdc-73db-4dc9-899a-3bc5b86f4009,Facebook,49.207.55.195,Bengaluru,India,IN,ACT Fibernet,12.9833,77.5833,Atria Convergence Technologies Pvt. Ltd. Broadband,49.207.55.195,KA,Karnataka,success,Asia/Kolkata,560076,2018-09-23 03:06:56
UItdaK1sPQXSOA7BwjC0,a2e19bdc-73db-4dc9-899a-3bc5b86f4009,LinkedIn,117.202.237.144,Kushalnagar,India,IN,BSNL,12.4667,75.9667,BSNL,117.202.237.144,KA,Karnataka,success,Asia/Kolkata,571234,2018-09-23 05:34:23
UItdaK1sPQXSOA7BwjC0,a2e19bdc-73db-4dc9-899a-3bc5b86f4009,LinkedIn,157.50.218.241,Puducherry,India,IN,Jio,11.93,79.83,Jio,157.50.218.241,PY,Union Territory of Puducherry,success,Asia/Kolkata,605001,2018-09-23 15:45:03
UItdaK1sPQXSOA7BwjC0,a2e19bdc-73db-4dc9-899a-3bc5b86f4009,LinkedIn,157.50.220.5,Chennai,India,IN,Jio,13.0833,80.2833,Jio,157.50.220.5,TN,Tamil Nadu,success,Asia/Kolkata,600001,2018-09-23 16:08:34
UItdaK1sPQXSOA7BwjC0,a2e19bdc-73db-4dc9-899a-3bc5b86f4009,LinkedIn,103.50.150.8,New Delhi,India,IN,MNR Broadband Services Pvt.,28.6,77.2,MNR Broadband Services Pvt.,103.50.150.8,DL,National Capital Territory of Delhi,success,Asia/Kolkata,110059,2018-09-23 17:08:52
UItdaK1sPQXSOA7BwjC0,a2e19bdc-73db-4dc9-899a-3bc5b86f4009,LinkedIn,122.164.18.14,Madurai,India,IN,Airtel Broadband,9.9333,78.1167,Airtel Broadband,122.164.18.14,TN,Tamil Nadu,success,Asia/Kolkata,625001,2018-09-25 16:01:09
UItdaK1sPQXSOA7BwjC0,a2e19bdc-73db-4dc9-899a-3bc5b86f4009,Facebook,179.6.203.19,Lima,Peru,PE,Claro Peru,-12.05,-77.05,Claro Peru,179.6.203.19,LMA,Lima,success,America/Lima,,2018-09-25 21:03:53
UItdaK1sPQXSOA7BwjC0,a2e19bdc-73db-4dc9-899a-3bc5b86f4009,LinkedIn,103.87.207.246,Dehradun,India,IN,Netflix Durga Webtech Pvt,30.3229,78.0317,Netflix Durga Webtech Pvt,103.87.207.246,UT,Uttarakhand,success,Asia/Kolkata,248007,2018-09-26 19:40:23
UItdaK1sPQXSOA7BwjC0,a2e19bdc-73db-4dc9-899a-3bc5b86f4009,LinkedIn,103.87.207.246,Dehradun,India,IN,Netflix Durga Webtech Pvt,30.3229,78.0317,Netflix Durga Webtech Pvt,103.87.207.246,UT,Uttarakhand,success,Asia/Kolkata,248007,2018-09-26 19:40:23
UItdaK1sPQXSOA7BwjC0,a2e19bdc-73db-4dc9-899a-3bc5b86f4009,Facebook,115.248.50.22,Vellore,India,IN,Reliance Communications,12.9333,79.1333,Reliance Communications,115.248.50.22,TN,Tamil Nadu,success,Asia/Kolkata,632014,2018-09-27 11:40:28
UItdaK1sPQXSOA7BwjC0,a2e19bdc-73db-4dc9-899a-3bc5b86f4009,LinkedIn,82.165.96.26,Bonn,Germany,DE,1&1 Internet AG,50.7374,7.09821,1&1 Internet AG,82.165.96.26,NW,North Rhine-Westphalia,success,Europe/Berlin,53125,2018-09-29 07:25:23
UItdaK1sPQXSOA7BwjC0,a2e19bdc-73db-4dc9-899a-3bc5b86f4009,LinkedIn,82.165.96.26,Bonn,Germany,DE,1&1 Internet AG,50.7374,7.09821,1&1 Internet AG,82.165.96.26,NW,North Rhine-Westphalia,success,Europe/Berlin,53125,2018-09-29 07:25:23
UItdaK1sPQXSOA7BwjC0,a2e19bdc-73db-4dc9-899a-3bc5b86f4009,LinkedIn,82.165.96.26,Bonn,Germany,DE,1&1 Internet AG,50.7374,7.09821,1&1 Internet AG,82.165.96.26,NW,North Rhine-Westphalia,success,Europe/Berlin,53125,2018-09-29 07:25:24
UItdaK1sPQXSOA7BwjC0,1cc44a4d-40c4-4b53-abce-0ff105405905,Email,112.79.137.206,Lucknow,India,IN,Vodafone India,26.85,80.9167,Vodafone India,112.79.137.206,UP,Uttar Pradesh,success,Asia/Kolkata,226004,2018-09-30 13:07:07
UItdaK1sPQXSOA7BwjC0,1cc44a4d-40c4-4b53-abce-0ff105405905,Email,112.79.137.206,Lucknow,India,IN,Vodafone India,26.85,80.9167,Vodafone India,112.79.137.206,UP,Uttar Pradesh,success,Asia/Kolkata,226004,2018-09-30 13:07:09
UItdaK1sPQXSOA7BwjC0,1cc44a4d-40c4-4b53-abce-0ff105405905,Email,112.79.137.206,Lucknow,India,IN,Vodafone India,26.85,80.9167,Vodafone India,112.79.137.206,UP,Uttar Pradesh,success,Asia/Kolkata,226004,2018-09-30 13:07:21
UItdaK1sPQXSOA7BwjC0,a2e19bdc-73db-4dc9-899a-3bc5b86f4009,Facebook,106.203.4.139,Puducherry,India,IN,Bharti Airtel,11.93,79.83,Bharti Airtel,106.203.4.139,PY,Union Territory of Puducherry,success,Asia/Kolkata,605001,2018-10-01 07:28:25
UItdaK1sPQXSOA7BwjC0,a2e19bdc-73db-4dc9-899a-3bc5b86f4009,LinkedIn,157.50.47.136,Chennai,India,IN,Jio,13.0833,80.2833,Jio,157.50.47.136,TN,Tamil Nadu,success,Asia/Kolkata,600001,2018-10-05 16:11:46
